,Animal,Order,Family,Forebrain m,Cerebellum m,Whole brain m,Forebrain n,Cerebellum n,Whole brain n,Body m,Forebrain m r %,Cerebellum m r %,Forebrain n r %,Cerebellum n r %,Forebrain n d,Cerebellum n d,Whole brain n d,Forebrain m per body m,Cerebellum m per body m,Whole brain m per body m,Forebrain n per body m,Cerebellum n per body m,Whole brain n per body m
0,Namaqua dove,Columbiformes,Columbidae,0.24,0.087,0.555,14167000.0,59533000.0,94490000.0,31.85,43.24324324324324,15.675675675675674,14.9931209651815,63.0045507461107,59029.166666666664,684287.356321839,170252.25225225225,0.7535321821036106,0.2731554160125588,1.7425431711145998,444803.7676609105,1869167.9748822604,2966718.9952904237
1,Common ground dove,Columbiformes,Columbidae,0.246,0.075,0.572,17602000.0,51380000.0,89630000.0,35.277,43.006993006993014,13.111888111888112,19.638513890438468,57.32455651009707,71552.84552845529,685066.6666666666,156695.8041958042,0.6973382090313802,0.21260311250956712,1.6214530714062987,498965.3315191201,1456473.0560988747,2540748.929897667
2,Diamond dove,Columbiformes,Columbidae,0.24,0.0776,0.545,18209000.0,54101000.0,87879000.0,39.93,44.03669724770642,14.238532110091743,20.72053619180919,61.56305829606619,75870.83333333333,697177.8350515463,161245.87155963303,0.6010518407212622,0.19434009516654144,1.3648885549711998,456023.040320561,1354896.0681192086,2200826.4462809917
3,King quail,Galliformes,Phasianidae,0.22,0.0717,0.521,20523000.0,42945000.0,80478000.0,43.81,42.226487523992326,13.761996161228407,25.501379258927905,53.36240960262432,93286.36363636363,598953.9748953974,154468.330134357,0.5021684546907099,0.16366126455147226,1.1892262040629993,468454.6907098836,980255.6493951152,1836977.8589363159
4,Common quail,Galliformes,Phasianidae,0.36,0.109,0.787,22568000.0,75198000.0,117760000.0,94.86,45.7433290978399,13.850063532401524,19.164402173913043,63.856997282608695,62688.88888888889,689889.9082568807,149631.5120711563,0.3795066413662239,0.11490617752477335,0.8296436854311617,237908.49673202613,792726.1227071474,1241408.3913135147
5,Common emerald dove,Columbiformes,Columbidae,0.494,0.176,1.126,27148000.0,109818000.0,168489000.0,119.64,43.8721136767318,15.630550621669629,16.112624563027854,65.1781421932589,54955.465587044535,623965.9090909091,149634.99111900534,0.412905382815112,0.1471079906385824,0.941156803744567,226914.07556001339,917903.7111334002,1408299.8996990973
6,Common bronzewing,Columbiformes,Columbidae,0.869,0.257,1.848,34077000.0,145208000.0,216703000.0,306.025,47.023809523809526,13.906926406926406,15.725209157233632,67.00784022371633,39214.03912543153,565011.6731517509,117263.52813852814,0.2839637284535577,0.08398006698799118,0.6038722326607304,111353.64757781228,474497.1816028103,708121.8854668736
7,Pink-necked green pigeon,Columbiformes,Columbidae,0.645,0.2,1.339,34357000.0,114792000.0,174476000.0,128.85,48.170276325616136,14.936519790888724,19.691533506040944,65.79242990439947,53266.666666666664,573960.0,130303.21135175505,0.5005820721769499,0.15521924718665114,1.0391928599146294,266643.3837795887,890896.391152503,1354101.6686069074
8,Grey partridge,Galliformes,Phasianidae,0.74,0.2071,1.565,36882000.0,107546000.0,170287000.0,337.33,47.284345047923324,13.233226837060705,21.65872908677703,63.15573120672746,49840.54054054054,519295.02655721875,108809.58466453674,0.21936975661814842,0.0613938872913764,0.46393739068567874,109335.07248095337,318815.403314262,504808.3479085762
9,Yellow-rumped tinkerbird,Piciformes,Lybiidae,0.2247,0.07,0.47,37925000.0,62830000.0,118030000.0,11.2,47.80851063829788,14.893617021276597,32.13166144200627,53.232229094298056,168780.5963506898,897571.4285714285,251127.6595744681,2.0062500000000005,0.6250000000000001,4.196428571428572,3386160.7142857146,5609821.428571429,10538392.857142858
10,Northern bobwhite,Galliformes,Odontophoridae,0.51,0.1471,1.124,39112000.0,80021000.0,148399000.0,181.08,45.37366548042704,13.087188612099643,26.355972749142513,53.922870100202836,76690.19607843137,543990.4826648538,132027.58007117437,0.28164347249834326,0.0812348133421692,0.6207201237022311,215992.93130108237,441909.6531919593,819521.7583388557
11,African collared dove,Columbiformes,Columbidae,0.51,0.1404,1.077,39997000.0,72381000.0,139271000.0,137.25,47.353760445682454,13.036211699164346,28.718828758320107,51.97133645913363,78425.49019607843,515534.188034188,129313.834726091,0.37158469945355194,0.10229508196721311,0.7846994535519125,291417.12204007286,527366.1202185792,1014724.9544626594
12,Least honeyguide,Piciformes,Indicatoridae,0.196,0.093,0.451,43099000.0,85900000.0,150730000.0,15.0,43.45898004434589,20.620842572062084,28.593511576991972,56.98931864924036,219892.85714285713,923655.9139784946,334212.86031042127,1.3066666666666666,0.62,3.006666666666667,2873266.6666666665,5726666.666666667,10048666.666666666
13,White-eared barbet,Piciformes,Lybiidae,0.18546,0.057,0.393,43553000.0,55610000.0,116970000.0,9.9,47.19083969465649,14.50381679389313,37.23433358980935,47.54210481319996,234837.70085193572,975614.0350877193,297633.58778625954,1.8733333333333335,0.5757575757575757,3.9696969696969697,4399292.929292929,5617171.717171717,11815151.515151516
14,Silver-tipped imperial pigeon,Columbiformes,Columbidae,1.449,0.434,2.915,47331000.0,210346000.0,293494000.0,456.4,49.708404802744425,14.888507718696397,16.126735129167887,71.66960823730638,32664.596273291925,484668.20276497694,100684.04802744425,0.3174846625766871,0.0950920245398773,0.6386941279579317,103705.083260298,460880.8063102542,643063.1025416302
15,Quebrach crested tinamou,Struthioniformes,Tinamidae,0.88,0.2526,1.84,48292000.0,146230000.0,235671000.0,475.75,47.826086956521735,13.728260869565217,20.491278095310836,62.048364032910285,54877.27272727273,578899.4457640538,128082.06521739131,0.18497109826589594,0.053095112979506046,0.3867577509196007,101507.09406200735,307367.3147661587,495367.3147661587
16,Lesser honeyguide,Piciformes,Indicatoridae,0.272,0.128,0.636,48925000.0,107980000.0,180460000.0,26.5,42.76729559748428,20.125786163522015,27.11127119583287,59.83597473124238,179871.32352941178,843593.75,283742.1383647799,1.0264150943396226,0.4830188679245283,2.4,1846226.4150943395,4074716.9811320757,6809811.320754717
17,Red-legged partridge,Galliformes,Phasianidae,1.055,0.243,2.091,50185000.0,108889000.0,197176000.0,459.667,50.45432807269249,11.621233859397416,25.451880553414206,55.2242666450278,47568.72037914692,448102.8806584362,94297.46532759446,0.22951397424657416,0.05286435615347632,0.4548945214688025,109176.86064042014,236886.7027652627,428954.0036591707
18,Common wood pigeon,Columbiformes,Columbidae,1.28,0.4016,2.671,51325000.0,164834000.0,258681000.0,468.33,47.92212654436541,15.035567203294647,19.841039736200187,63.72095360695219,40097.65625,410443.2270916334,96847.9970048671,0.2733115538188884,0.08575150001067623,0.5703243439455085,109591.52734183162,351961.22392330196,552347.703542374
19,Elegant crested tinamou,Struthioniformes,Tinamidae,1.0,0.2734,1.996,51384000.0,129548000.0,217768000.0,502.95,50.1002004008016,13.697394789579157,23.595753278718636,59.48899746519232,51384.0,473840.5267008047,109102.20440881763,0.19882692116512576,0.05435928024654538,0.396858534645591,102165.22517148821,257576.29983099713,432981.4096828711
20,Eurasian blackcap,Passeriformes,Sylviidae,0.454,0.084,0.774,52000000.0,76000000.0,156728000.0,16.7,58.656330749354005,10.852713178294573,33.178500331785,48.491654331070386,114537.4449339207,904761.9047619047,202490.95607235143,2.7185628742514973,0.502994011976048,4.634730538922156,3113772.4550898205,4550898.2035928145,9384910.17964072
21,California quail,Galliformes,Odontophoridae,0.607,0.194,1.256,52490000.0,92319000.0,172388000.0,199.6,48.328025477707,15.445859872611464,30.448755133768014,53.55303153351741,86474.46457990115,475871.13402061857,137251.5923566879,0.30410821643286573,0.09719438877755511,0.6292585170340681,262975.95190380764,462520.0400801603,863667.3346693387
22,Speckled pigeon,Columbiformes,Columbidae,0.897,0.316,1.944,53884000.0,161142000.0,258217000.0,262.94,46.141975308641975,16.255144032921812,20.867719786071408,62.405651060929365,60071.348940914155,509943.03797468357,132827.67489711934,0.3411424659618164,0.12017950863314825,0.7393321670343044,204928.88111356203,612847.0373469233,982037.7272381532
23,Tetrao tetrix,Galliformes,Phasianidae,1.562,0.48,3.375,54079000.0,176651000.0,280868000.0,897.8,46.281481481481485,14.222222222222221,19.25424042610764,62.894669382058474,34621.63892445582,368022.9166666667,83220.14814814815,0.17398084205836492,0.053464023167743374,0.3759189128981956,60235.01893517488,196759.85742927156,312840.2762307864
24,Black francolin,Galliformes,Phasianidae,0.825,0.224,1.755,54209000.0,139932000.0,232541000.0,368.6,47.008547008547005,12.763532763532764,23.31158806404032,60.175194911865006,65707.87878787878,624696.4285714285,132501.9943019943,0.22381985892566464,0.06077048290830168,0.4761258817145957,147067.28160607704,379631.036353771,630876.2886597938
25,Zebra finch,Passeriformes,Estrildidae,0.277,0.056,0.494,55000000.0,56000000.0,135976000.0,12.0,56.07287449392713,11.336032388663968,40.44831440842502,41.18373830676001,198555.95667870037,1000000.0,275255.06072874495,2.3083333333333336,0.46666666666666673,4.116666666666666,4583333.333333333,4666666.666666667,11331333.333333334
26,Black-naped fruit dove,Columbiformes,Columbidae,0.692,0.203,1.447,55673000.0,115880000.0,205810000.0,99.55,47.82308223911541,14.029025570145128,27.05067780963024,56.30435838880521,80452.31213872832,570837.4384236453,142232.20456116102,0.695128076343546,0.203917629331994,1.4535409342039178,559246.6097438473,1164038.1717729785,2067403.3149171271
27,Chilean tinamou,Struthioniformes,Tinamidae,0.82,0.2376,1.744,59130000.0,136461000.0,241374000.0,388.7,47.01834862385321,13.623853211009173,24.49725322528524,56.53508662904869,72109.75609756098,574330.8080808081,138402.52293577982,0.21095960895291996,0.061126833033187555,0.4486750707486493,152122.45948031903,351070.2341137124,620977.6177000258
28,Luzon bleeding-heart,Columbiformes,Columbidae,0.688,0.221,1.569,59161000.0,134425000.0,236600000.0,199.2,43.849585723390696,14.085404716379859,25.00464919695689,56.815300084530854,85989.82558139534,608257.9185520362,150796.68578712555,0.34538152610441764,0.11094377510040161,0.7876506024096387,296992.9718875502,674824.297188755,1187751.0040160643
29,Red junglefowl,Galliformes,Phasianidae,1.335,0.369,2.819,60000000.0,114000000.0,220840000.0,779.8,47.357218871940404,13.08974813763746,27.168991124796232,51.62108313711285,44943.8202247191,308943.0894308943,78339.83682156794,0.17119774301102847,0.04731982559630674,0.3615029494742242,76942.80584765325,146191.33111054118,283200.8207232624
30,Goldcrest,Passeriformes,Regulidae,0.176,0.04,0.357,64000000.0,66000000.0,163874000.0,5.6,49.29971988795518,11.204481792717088,39.05439545016293,40.27484530798052,363636.36363636365,1650000.0,459030.81232493,3.1428571428571432,0.7142857142857143,6.375,11428571.42857143,11785714.285714287,29263214.285714287
31,Eurpean roller,Coraciiformes,Coraciidae,1.05,0.263,1.993,67569000.0,160010000.0,269070000.0,142.7,52.68439538384345,13.196186653286501,25.112052625710778,59.46779648418627,64351.42857142857,608403.0418250951,135007.5263421977,0.7358093903293623,0.18430273300630698,1.396636299929923,473503.8542396637,1121303.433777155,1885564.120532586
32,Rock dove,Columbiformes,Columbidae,0.915,0.332,2.095,72000000.0,197000000.0,309958000.0,358.7,43.675417661097846,15.847255369928401,23.228953600165184,63.5569980448964,78688.52459016393,593373.4939759036,147951.31264916467,0.2550878171173683,0.09255645386116533,0.5840535266239198,200724.83969891275,549205.4641761918,864114.8592138278
33,Common pheasant,Galliformes,Phasianidae,1.898,0.451,3.845,76278000.0,194341000.0,321361000.0,1221.667,49.36280884265279,11.729518855656696,23.73592315184481,60.474357498265185,40188.6195995785,430911.30820399115,83578.93368010403,0.15536148557667515,0.036916770281918074,0.31473388411080927,62437.63644266401,159078.5377684754,263051.22426978877
34,Reeves's pheasant,Galliformes,Phasianidae,1.7,0.5158,3.691,80688000.0,245720000.0,387173000.0,1119.0,46.05797886751558,13.97453264697914,20.840296198340276,63.46516931707531,47463.529411764706,476386.1962000775,104896.50501219182,0.15192135835567472,0.046094727435210016,0.32984807864164434,72107.23860589812,219588.91867739052,345999.10634495085
35,Great tit,Passeriformes,Paridae,0.58,0.09,0.94,83000000.0,108000000.0,225982000.0,17.9,61.702127659574465,9.574468085106384,36.72858900266393,47.79141701551451,143103.44827586206,1200000.0,240406.3829787234,3.2402234636871508,0.5027932960893855,5.251396648044693,4636871.508379889,6033519.553072626,12624692.737430168
36,Yellow-spotted barbet,Piciformes,Lybiidae,0.5959,0.154,1.145,83148000.0,125800000.0,245290000.0,42.8,52.04366812227074,13.449781659388647,33.89783521545925,51.28623262260997,139533.47877160597,816883.1168831169,214227.07423580787,1.3922897196261683,0.3598130841121496,2.675233644859813,1942710.280373832,2939252.336448598,5731074.76635514
37,Speckled mousebird,Coliiformes,Coliidae,0.759,0.132,1.273,84175000.0,87600000.0,200660000.0,58.5,59.6229379418696,10.369206598586018,41.94906807535134,43.655935413136646,110902.50329380765,663636.3636363636,157627.65121759623,1.2974358974358973,0.22564102564102567,2.176068376068376,1438888.888888889,1497435.8974358975,3430085.47008547
38,Eurasian wryneck,Piciformes,Picidae,0.452,0.108,0.84,85387000.0,104730000.0,214740000.0,34.6,53.80952380952382,12.85714285714286,39.762969172021975,48.77060631461302,188909.29203539822,969722.2222222222,255642.85714285713,1.3063583815028903,0.3121387283236994,2.4277456647398843,2467832.3699421966,3026878.612716763,6206358.38150289
39,Eurasian sparrowhawk,Accipitriformes,Accipitridae,1.28,0.4795,2.739,87832000.0,253630000.0,401751000.0,162.4,46.732384081781674,17.506389193136183,21.86229779141807,63.13114341968035,68618.75,528946.8196037539,146677.98466593647,0.7881773399014778,0.29525862068965514,1.686576354679803,540837.4384236453,1561761.0837438423,2473836.2068965514
40,Green-rumped parrotled,Psittaciformes,Psittacidae,0.715,0.098,1.146,103000000.0,89600000.0,227204000.0,24.0,62.390924956369986,8.55148342059337,45.333708913575464,39.435925423848175,144055.94405594407,914285.7142857143,198258.28970331588,2.9791666666666665,0.4083333333333334,4.7749999999999995,4291666.666666667,3733333.3333333335,9466833.333333334
41,Wild turkey,Galliformes,Phasianidae,2.89,0.8564,6.041,105654000.0,315741000.0,492873000.0,3453.33,47.83976162886939,14.176460850852507,21.43635378687816,64.0613302006805,36558.47750865052,368684.02615600184,81587.98212216521,0.08368733946654389,0.024799251736729477,0.17493260128629468,30594.817176464458,91430.87975953644,142723.97946330064
42,Bearded barbet,Piciformes,Lybiidae,0.825,0.243,1.656,108595000.0,201250000.0,358410000.0,102.6,49.81884057971014,14.673913043478262,30.299098797466588,56.15077704305126,131630.30303030304,828189.3004115226,216431.15942028986,0.804093567251462,0.2368421052631579,1.6140350877192984,1058430.799220273,1961500.9746588694,3493274.85380117
43,Mallard,Anseriformes,Anatidae,3.6,0.6496,5.541,112255000.0,220314000.0,367466000.0,1361.67,64.97022198159176,11.723515610900558,30.54840447823744,59.954934606194854,31181.944444444445,339153.32512315275,66317.63219635445,0.264381237744828,0.047706125566400075,0.4069267884289145,82439.21067512686,161796.91114587235,269864.21085872495
44,Australian wood duck,Anseriformes,Anatidae,2.282,0.597,4.007,112604000.0,245364000.0,390858000.0,613.8,56.9503369104068,14.898926877963564,28.809439745380676,62.775739526886994,49344.43470639789,410994.97487437184,97543.79835288247,0.37178233952427503,0.09726295210166178,0.6528185076572174,183453.89377647443,399745.8455522972,636783.9687194526
45,Eurasian wigeon,Anseriformes,Anatidae,2.462,0.45,3.973,113159000.0,151783000.0,285523000.0,636.8,61.96828593002769,11.326453561540397,39.63218374701863,53.1596403792339,45962.225832656375,337295.55555555556,71865.84445003775,0.38662060301507545,0.07066582914572865,0.6239007537688442,177699.43467336684,238352.70100502516,448371.5452261307
46,Victoria crowned pigeon,Columbiformes,Columbidae,2.94,0.8918,5.899,118445000.0,405518000.0,578697000.0,1375.4,49.83895575521275,15.1178165790812,20.467533095903384,70.07432214094767,40287.4149659864,454718.54675936303,98100.86455331412,0.21375599825505306,0.06483931947069943,0.4288934128253599,86116.76603169987,294836.4112258252,420748.1459938927
47,Ruddy shelduck,Anseriformes,Anatidae,2.805,0.829,5.273,119202000.0,264298000.0,421445000.0,1257.967,53.19552436942917,15.721600606865163,28.284117737783106,62.7123349428751,42496.25668449198,318815.4402895054,79925.0900815475,0.22297882217896017,0.06589997988818466,0.41916838835994896,94757.65262522784,210099.31103121146,335020.7119900601
48,Yellow-Knobbed Curassow,Galliformes,Cracidae,4.92,1.184,9.02,124624000.0,472677000.0,652989000.0,2448.6,54.545454545454554,13.126385809312637,19.085160699491112,72.38667113841122,25330.08130081301,399220.4391891892,72393.45898004435,0.20093114432737075,0.04835416156170873,0.36837376460017973,50896.02221677694,193039.69615290372,266678.5101690762
49,Baikal teal,Anseriformes,Anatidae,1.891,0.413,3.244,129036000.0,151217000.0,300240000.0,449.05,58.292231812577064,12.731196054254006,42.97761790567546,50.36537436717293,68236.91168693813,366142.85714285716,92552.40443896424,0.4211112348290836,0.09197194076383476,0.7224139850796125,287353.30141409644,336748.6916824407,668611.5131945218
50,Indian peafowl,Galliformes,Phasianidae,3.15,0.8543,6.194,129621000.0,374518000.0,570934000.0,3599.2,50.8556667742977,13.792379722311916,22.703324727551696,65.59742457096617,41149.52380952381,438391.6656912092,92175.33096545044,0.08751944876639253,0.02373583018448544,0.17209379862191598,36013.83640809069,104055.90131140254,158628.02845076684
51,Lake duck,Anseriformes,Anatidae,2.304,0.445,3.872,129874000.0,112566000.0,300059000.0,551.15,59.50413223140496,11.492768595041323,43.282821045194446,37.51462212431555,56368.92361111111,252957.3033707865,77494.57644628099,0.4180350176902839,0.08074027034382654,0.7025310713961717,235641.839789531,204238.4105960265,544423.4781819831
52,Marbled duck,Anseriformes,Anatidae,2.04,0.433,3.503,130142000.0,213841000.0,386920000.0,452.2,58.235797887524974,12.360833571224664,33.63537682208209,55.26749715703505,63795.098039215685,493859.12240184756,110453.8966600057,0.4511278195488722,0.09575409111012827,0.7746572313135781,287797.43476337905,472890.314020345,855639.0977443609
53,Pygmy falcon,Falconiformes,Falconidae,0.86,0.2106,1.628,131898000.0,155402000.0,350367000.0,63.91,52.825552825552826,12.936117936117938,37.64566868455077,44.354063025342,153369.76744186046,737901.2345679011,215213.14496314497,1.3456423094977312,0.3295258957909561,2.547332185886403,2063808.4806759506,2431575.6532624005,5482193.709904553
54,Helmeted guineafowl,Galliformes,Numididae,1.852,0.494,3.747,132459000.0,253934000.0,447116000.0,1703.9,49.426207632772886,13.18388043768348,29.625197935211446,56.79376269245565,71522.13822894168,514036.43724696356,119326.39444889245,0.1086918246375961,0.028992311755384706,0.21990727155349493,77738.71706086038,149031.04642291213,262407.4182757204
55,Wandering whistling duck,Anseriformes,Anatidae,2.701,0.616,4.533,134286000.0,220818000.0,398626000.0,806.95,59.58526362232517,13.58923450253695,33.687215585536315,55.39478107298571,49717.14179933358,358470.7792207792,87938.67196117362,0.3347171448045108,0.0763368238428651,0.5617448416878369,166411.79750913935,273645.2072619121,493990.9535906809
56,Common blackbird,Passeriformes,Turdidae,1.091,0.213,1.887,136000000.0,186000000.0,379413000.0,103.2,57.81664016958135,11.287758346581876,35.84484453616508,49.023096203872825,124656.27864344638,873239.4366197183,201066.77265500795,1.0571705426356588,0.2063953488372093,1.828488372093023,1317829.457364341,1802325.5813953488,3676482.5581395347
57,Eurasian hoopoe,Bucerotiformes,Upupidae,0.8365,0.138,1.36,136377000.0,107450000.0,265520000.0,60.0,61.507352941176464,10.147058823529411,51.36223260018078,40.4677613739078,163032.87507471608,778623.1884057971,195235.29411764705,1.3941666666666666,0.23000000000000004,2.2666666666666666,2272950.0,1790833.3333333333,4425333.333333333
58,Wood duck,Anseriformes,Anatidae,2.26,0.4028,3.853,138206000.0,133108000.0,305816000.0,649.3,58.65559304438099,10.45419153906047,45.192534072775786,43.52551861249902,61153.097345132745,330456.8023833168,79370.87983389567,0.34806714923764054,0.06203603881102727,0.5934082858462961,212853.8425997228,205002.31018019406,470993.37748344376
59,Smew,Anseriformes,Anatidae,2.108,0.542,3.717,140265000.0,256227000.0,438961000.0,513.55,56.712402475114345,14.581651869787462,31.95386378288732,58.371244825850134,66539.37381404174,472743.54243542434,118095.50712940544,0.41047609775094934,0.10553986953558564,0.7237854152468115,273128.22509979556,498932.9179242528,854758.056664395
60,Red kite,Accipitriformes,Accipitridae,3.831,0.863,6.568,145561000.0,403410000.0,639483000.0,843.4,58.32825822168088,13.1394640682095,22.76229391555366,63.083772359859445,37995.562516314276,467450.7531865585,97363.4287454324,0.4542328669670382,0.10232392696229549,0.7787526677732985,172588.33293810766,478313.9672753142,758220.2987906095
61,Montagu's harrier,Accipitriformes,Accipitridae,2.218,0.644,4.361,148326000.0,348250000.0,577353000.0,243.0,50.8598945196056,14.767255216693421,25.690695293867012,60.31838407352175,66873.76014427411,540760.8695652174,132390.0481540931,0.9127572016460906,0.2650205761316872,1.7946502057613167,610395.061728395,1433127.5720164608,2375938.2716049384
62,Red-breasted goose,Anseriformes,Anatidae,2.7,0.7371,4.788,148617000.0,285407000.0,482705000.0,1042.3,56.390977443609025,15.39473684210526,30.788369708206876,59.126588703245254,55043.333333333336,387202.5505358839,100815.5806182122,0.25904250215868757,0.0707186030893217,0.4593687038280726,142585.62793821358,273824.234865202,463115.2259426269
63,Budgerigar,Psittaciformes,Psittaculidae,0.775,0.144,1.317,149000000.0,119000000.0,321822000.0,30.0,58.84586180713743,10.933940774487471,46.29888571943497,36.97696242021987,192258.06451612903,826388.8888888889,244359.90888382687,2.5833333333333335,0.48,4.390000000000001,4966666.666666667,3966666.6666666665,10727400.0
64,Mandarin duck,Anseriformes,Anatidae,2.244,0.432,3.763,149709000.0,168231000.0,354952000.0,529.045,59.63327132606964,11.480201966516077,42.17725213550001,47.395422479659224,66715.24064171124,389423.6111111111,94326.86686154664,0.4241605156461171,0.08165656985700649,0.7112816490090635,282979.7087204302,317989.96304662176,670929.6940713929
65,Cape Barren goose,Anseriformes,Anatidae,4.866,1.073,7.909,160216000.0,276278000.0,462304000.0,5204.75,61.52484511316222,13.566822607156404,34.65598394130269,59.76110957292171,32925.606247431155,257481.82665424046,58452.90175749147,0.09349152216725107,0.020615783659157498,0.15195734665449828,30782.6504635189,53081.89634468514,88823.47855324463
66,Crested duck,Anseriformes,Anatidae,2.857,0.666,4.935,160907000.0,312544000.0,517733000.0,823.6,57.89260385005067,13.495440729483285,31.079146973439975,60.36779575572737,56320.266013300665,469285.28528528527,104910.43566362716,0.34689169499757166,0.08086449732880038,0.5991986401165614,195370.32540067993,379485.1869839728,628621.903836814
67,Laughing kookaburra,Coraciiformes,Alcedinidae,2.624,0.496,4.608,163203000.0,244330000.0,511800000.0,380.5,56.94444444444445,10.76388888888889,31.888042203985933,47.739351309105125,62196.26524390244,492600.8064516129,111067.70833333333,0.6896189224704337,0.13035479632063074,1.2110381077529566,428917.21419185284,642128.7779237845,1345072.273324573
68,Eurasian teal,Anseriformes,Anatidae,1.62,0.3163,2.768,167287000.0,163461000.0,373436000.0,284.85,58.52601156069365,11.427023121387284,44.79669876498249,43.7721590848231,103263.58024691358,516791.0211824217,134911.84971098267,0.5687203791469194,0.11104089871862384,0.971739512023872,587281.0251009302,573849.3944181148,1310991.7500438828
69,White-cheeked pintail,Anseriformes,Anatidae,2.246,0.465,3.761,168674000.0,213112000.0,420382000.0,458.4,59.71816006381281,12.36373304972082,40.123982473084006,50.69484421312045,75099.73285841497,458305.376344086,111773.99627758574,0.48996509598603843,0.10143979057591623,0.8204624781849914,367962.4781849913,464904.0139616056,917063.69982548
70,Northern shoveler,Anseriformes,Anatidae,2.017,0.453,3.427,181830000.0,246016000.0,479524000.0,621.15,58.85614239859935,13.218558505981909,37.9188528624219,51.30421000825819,90148.73574615766,543081.6777041942,139925.29909541874,0.32472027690573935,0.07292924414392658,0.5517185864927956,292731.2243419464,396065.36263382435,771993.8823150608
71,American kestrel,Falconiformes,Falconidae,1.315,0.308,2.376,182502000.0,214534000.0,469942000.0,108.02,55.34511784511784,12.962962962962962,38.83500517085087,45.651165462972024,138784.7908745247,696538.9610389611,197787.03703703705,1.2173671542306979,0.28513238289205706,2.1995926680244398,1689520.459174227,1986058.1373819665,4350509.16496945
72,Red-legged seriema,Cariamiformes,Cariamidae,4.546,1.109,8.514,219569000.0,529815000.0,855128000.0,1732.3,53.3944092083627,13.025604886070003,25.67674079202178,61.957391174186796,48299.38407391113,477741.20829576196,100437.8670425182,0.2624256768458119,0.06401893436471742,0.4914853085493274,126749.98556831958,305844.83057207183,493637.3607342839
73,Western marsh harrier,Accipitriformes,Accipitridae,2.824,0.661,5.234,224467000.0,352456000.0,687877000.0,478.5,53.954910202521965,12.628964463125717,32.63185133388672,51.238230090553984,79485.48158640227,533216.3388804841,131424.72296522735,0.5901776384535005,0.13814002089864158,1.0938349007314523,469105.5381400209,736585.1619644723,1437569.487983281
74,Common starling,Passeriformes,Sturnidae,1.144,0.193,1.855,226000000.0,193000000.0,482505000.0,74.0,61.671159029649594,10.404312668463612,46.83889286121387,39.99958549652335,197552.44755244756,1000000.0,260110.51212938005,1.545945945945946,0.2608108108108108,2.506756756756757,3054054.054054054,2608108.108108108,6520337.837837838
75,Northern goshawk,Accipitriformes,Accipitridae,3.931,1.186,7.568,228227000.0,472933000.0,813468000.0,800.6,51.942389006342495,15.671247357293868,28.05605137510019,58.13787389301116,58058.25489697278,398763.0691399663,107487.84355179704,0.49100674494129404,0.1481388958281289,0.9452910317262053,285069.9475393455,590723.2075943042,1016072.9452910317
76,Common kestrel,Falconiformes,Falconidae,1.88,0.5032,3.476,237903000.0,312406000.0,624582000.0,204.33,54.085155350978134,14.476409666283082,38.0899545616108,50.018412314155704,126544.14893617021,620838.6327503974,179684.11967779056,0.9200802623207556,0.24626829148925755,1.701169676503695,1164307.7374834826,1528928.69377967,3056731.7574511818
77,Muscovy duck,Anseriformes,Anatidae,4.235,0.768,7.076,248163000.0,211760000.0,520116000.0,2009.3,59.85019785189374,10.853589598643303,47.71301017465335,40.71399457044198,58598.11097992916,275729.1666666667,73504.23968343697,0.21076991987259247,0.038222266460956555,0.35216244463245905,123507.19155924949,105389.93679390833,258854.32737769373
78,Elliot's woodpecker,Piciformes,Picidae,1.116,0.179,1.763,251272000.0,153240000.0,448500000.0,37.5,63.30119115144641,10.153148043108338,56.02497212931996,34.16722408026756,225154.1218637993,856089.3854748603,254395.91605218378,2.976,0.47733333333333333,4.701333333333333,6700586.666666667,4086400.0,11960000.0
79,Cockatiel,Psittaciformes,Cacatuidae,1.368,0.196,2.205,258000000.0,129000000.0,452766000.0,90.0,62.04081632653061,8.88888888888889,56.98307735121454,28.49153867560727,188596.49122807017,658163.2653061225,205336.0544217687,1.5200000000000002,0.2177777777777778,2.45,2866666.6666666665,1433333.3333333333,5030733.333333333
80,Greylag goose,Anseriformes,Anatidae,6.71,1.226,10.829,258650000.0,420729000.0,735359000.0,2943.93,61.963246837196415,11.321451657586111,35.173296308333754,57.214095428219416,38546.94485842027,343172.1044045677,67906.45488964817,0.22792661510294063,0.04164501193982194,0.36784162666911246,87858.74664139433,142914.06385342043,249788.20827940883
81,Steppe eagle,Accipitriformes,Accipitridae,7.15,1.697,12.279,288470000.0,682506000.0,1106000000.0,3350.0,58.22949751608437,13.82034367619513,26.08227848101266,61.70940325497287,40345.454545454544,402183.85385975253,90072.48147243261,0.2134328358208955,0.050656716417910454,0.36653731343283585,86110.44776119402,203733.1343283582,330149.25373134325
82,Black kite,Accipitriformes,Accipitridae,3.715,0.876,6.622,301980000.0,426176000.0,825990000.0,835.7,56.10087586831772,13.228631833282996,36.55976464606109,51.59578203125946,81286.67563930014,486502.28310502286,124734.21926910299,0.44453751346176856,0.10482230465478043,0.7923896134976665,361349.766662678,509962.9053488094,988380.9979657772
83,Great spotted woodpecker,Piciformes,Picidae,1.709,0.317,2.801,311887000.0,241920000.0,637950000.0,77.9,61.01392359871475,11.317386647625847,48.88894113958774,37.92146719962379,182496.78174370978,763154.5741324921,227757.94359157444,2.1938382541720154,0.40693196405648263,3.5956354300385107,4003684.2105263155,3105519.897304236,8189345.314505776
84,Mute swan,Anseriformes,Anatidae,8.06,2.097,13.663,323661000.0,607105000.0,1001000000.0,9845.0,58.991436726926736,15.34802020054161,32.333766233766234,60.649850149850145,40156.45161290322,289511.2064854554,73263.55851569933,0.08186896901980702,0.021300152361604877,0.13878110716099543,32875.67293042153,61666.3280853225,101675.97765363129
85,Greater rhea,Struthioniformes,Rheidae,12.61,3.066,21.335,330342000.0,610090000.0,1030000000.0,31900.0,59.104757440824926,14.370752284977733,32.07203883495146,59.23203883495146,26196.82791435369,198985.6490541422,48277.47832200609,0.03952978056426332,0.00961128526645768,0.06688087774294671,10355.548589341694,19125.078369905958,32288.401253918495
86,Eastern rosella,Psittaciformes,Psittacidae,1.705,0.23,2.716,333000000.0,212000000.0,641879000.0,104.0,62.77614138438881,8.468335787923417,51.87893668432836,33.02803176299583,195307.91788856304,921739.1304347826,236332.47422680413,1.6394230769230769,0.22115384615384617,2.6115384615384616,3201923.076923077,2038461.5384615385,6171913.461538462
87,Von der Decken's hornbill,Bucerotiformes,Bucerotidae,2.559,0.488,4.463,347953000.0,336220000.0,783670000.0,222.0,57.33811337665248,10.93434909253865,44.40044916865518,42.90326285298659,135972.25478702618,688975.4098360656,175592.65068339682,1.1527027027027026,0.2198198198198198,2.01036036036036,1567355.8558558559,1514504.5045045046,3530045.045045045
88,Common buzzard,Accipitriformes,Accipitridae,4.22,1.052,7.795,351700000.0,510277000.0,1001000000.0,749.0,54.13726747915331,13.495830660679925,35.13486513486514,50.97672327672328,83341.23222748814,485054.1825095057,128415.65105837076,0.5634178905206942,0.1404539385847797,1.040720961281709,469559.4125500668,681277.7036048064,1336448.598130841
89,Northern red-billed hornbill,Bucerotiformes,Bucerotidae,2.58,0.412,4.153,354388000.0,318760000.0,757270000.0,190.0,62.12376595232363,9.920539369130749,46.798103714659234,42.093308859455675,137359.6899224806,773689.3203883495,182342.88466169033,1.3578947368421053,0.2168421052631579,2.1857894736842103,1865200.0,1677684.2105263157,3985631.5789473685
90,Eurasian pygmy owl,Strigiformes,Strigidae,2.21,0.228,3.02,364000000.0,127650000.0,533263000.0,67.2,73.17880794701986,7.549668874172186,68.25900165584336,23.937531762001115,164705.88235294117,559868.4210526316,176577.1523178808,3.2886904761904763,0.3392857142857143,4.494047619047619,5416666.666666666,1899553.5714285714,7935461.309523809
91,Canada goose,Anseriformes,Anatidae,6.315,1.181,9.832,379833000.0,440299000.0,913484000.0,4219.167,64.22904800650936,12.011798209926768,41.58069544732037,48.19996847235419,60147.74346793349,372818.79762912786,92909.2758340114,0.14967409443617663,0.02799130728885583,0.23303178091789206,90025.59035942402,104356.85527498674,216508.14011391345
92,Swan goose,Anseriformes,Anatidae,6.3,1.218,10.045,381096000.0,445189000.0,917876000.0,4002.9,62.7177700348432,12.125435540069686,41.51933376621679,48.50208524898788,60491.42857142857,365508.210180624,91376.40617222499,0.15738589522596116,0.03042793974368583,0.2509430662769492,95204.97639211571,111216.61795198481,229302.75550226084
93,Eurasian scops owl,Strigiformes,Strigidae,1.193,0.203,1.896,385088000.0,133901000.0,570997000.0,114.09,62.92194092827005,10.706751054852322,67.44133506831034,23.45038590395396,322789.60603520536,659610.8374384237,301158.7552742616,1.0456657025155578,0.17792970461916033,1.6618459111227977,3375300.201595232,1173643.614690157,5004794.460513629
94,Monk parakeet,Psittaciformes,Psittacidae,2.24,0.281,3.42,396000000.0,195000000.0,696765000.0,81.7,65.49707602339183,8.216374269005849,56.83408322748703,27.98648037717164,176785.7142857143,693950.177935943,203732.45614035087,2.741738066095471,0.3439412484700123,4.186046511627907,4847001.223990208,2386780.905752754,8528335.373317013
95,Peregrine falcon,Falconiformes,Falconidae,3.787,1.062,6.776,396060000.0,548548000.0,1060000000.0,672.8,55.888429752066116,15.672963400236128,37.364150943396226,51.749811320754716,104584.10351201479,516523.5404896422,156434.4746162928,0.562871581450654,0.15784780023781214,1.0071343638525565,588674.1973840666,815321.0463733651,1575505.3507728896
96,Black vulture,Accipitriformes,Cathartidae,5.93,1.3985,9.967,398899000.0,512097000.0,1009000000.0,1747.0,59.49633791511989,14.031303300892947,39.53409316154609,50.75292368681863,67267.95952782463,366175.90275294957,101234.07243904886,0.3394390383514596,0.08005151688609044,0.5705208929593589,228333.71493989698,293129.3646250715,577561.5340583858
97,Azure-winged magpie,Passeriformes,Corvidae,2.218,0.271,3.393,399695000.0,243490000.0,740589000.0,84.11,65.36987916298261,7.98703212496316,53.96988073006755,32.87788503474937,180205.13976555454,898487.0848708487,218269.67285587976,2.6370229461419568,0.32219712281536084,4.034003091190108,4752050.885744858,2894899.536321484,8805005.350136725
98,Little owl,Strigiformes,Strigidae,2.99,0.3585,4.259,400822000.0,134013000.0,585923000.0,169.56,70.20427330359239,8.417468889410658,68.40864755266477,22.872118008680324,134054.1806020067,373815.89958158997,137572.90443766143,1.7633875914130692,0.2114295824486907,2.511795234725171,2363894.7865062514,790357.3956121727,3455549.657938193
99,Common hill myna,Passeriformes,Sturnidae,2.161,0.367,3.67,410330000.0,365738000.0,906127000.0,262.075,58.88283378746594,10.0,45.28393922706199,40.3627747545322,189879.68533086535,996561.3079019074,246901.08991825613,0.8245731183821426,0.14003624916531526,1.4003624916531527,1565696.842506916,1395547.0762186397,3457510.254698083
100,European green woodpecker,Piciformes,Picidae,2.73,0.42,4.162,424365000.0,241000000.0,736450000.0,184.3,65.5934646804421,10.091302258529552,57.62305655509539,32.72455699640165,155445.05494505496,573809.5238095238,176946.17972128783,1.4812805208898534,0.22788931090613126,2.258274552360282,2302577.319587629,1307650.5697232771,3995930.548019533
101,Barn owl,Strigiformes,Tytonidae,3.852,0.51,5.209,437000000.0,214000000.0,739740000.0,580.0,73.94893453637935,9.790746784411596,59.074810068402414,28.92908319139157,113447.55970924195,419607.8431372549,142011.90247648302,0.6641379310344827,0.08793103448275862,0.898103448275862,753448.275862069,368965.5172413793,1275413.7931034483
102,Emu,Casuariiformes,Casuariidae,12.979,3.399,21.811,439000000.0,814000000.0,1335000000.0,38925.0,59.506670945853,15.58387969373252,32.88389513108614,60.97378277153558,33823.86932737499,239482.20064724918,61207.64751730778,0.03334360950545921,0.008732177263969172,0.056033397559409115,11278.098908156711,20912.010276172125,34296.724470134875
103,Saker falcon,Falconiformes,Falconidae,4.12,1.1971,7.315,442946000.0,645740000.0,1204000000.0,1006.0,56.32262474367737,16.365003417634995,36.78953488372093,53.6328903654485,107511.16504854368,539420.265641968,164593.3014354067,0.4095427435387674,0.11899602385685885,0.7271371769383698,440304.1749502982,641888.6679920477,1196819.0854870775
104,Eurasian magpie,Passeriformes,Corvidae,3.714,0.453,5.425,443000000.0,349000000.0,897274000.0,178.0,68.46082949308756,8.350230414746544,49.371763809048296,38.89558819268139,119278.40603123317,770419.4260485651,165396.12903225806,2.0865168539325842,0.25449438202247193,3.047752808988764,2488764.04494382,1960674.1573033708,5040865.168539326
105,Black woodpecker,Piciformes,Picidae,6.016,0.73,8.491,457384000.0,529120000.0,1080000000.0,291.0,70.85148981274291,8.59733835826169,42.35037037037037,48.992592592592594,76027.9255319149,724821.9178082192,127193.49899894005,2.0673539518900346,0.2508591065292096,2.91786941580756,1571766.323024055,1818281.7869415807,3711340.206185567
106,Common ostrich,Struthioniformes,Struthionidae,25.58,5.8009,40.249,479410000.0,1059572000.0,1629000000.0,120050.0,63.55437402171482,14.412531988372383,29.429711479435237,65.04432166973604,18741.594996090695,182656.4843386371,40473.05523118587,0.021307788421491045,0.004832069970845482,0.033526863806747194,3993.4194085797585,8826.089129529362,13569.346105789255
107,Western jackdaw,Passeriformes,Corvidae,4.165,0.483,6.023,492000000.0,375000000.0,967985000.0,246.0,69.15158558857712,8.019259505229952,50.82723389308719,38.74026973558475,118127.25090036014,776397.5155279504,160714.7600863357,1.6930894308943087,0.19634146341463415,2.4483739837398373,2000000.0,1524390.243902439,3934898.37398374
108,Eurasian jay,Passeriformes,Corvidae,2.854,0.411,4.597,529000000.0,429000000.0,1085000000.0,159.7,62.08396780509027,8.94061344355014,48.755760368663594,39.53917050691244,185353.889278206,1043795.6204379562,236023.49358277136,1.7871008140262996,0.25735754539762057,2.8785222291797123,3312460.864120226,2686286.787726988,6793988.728866626
109,White-tailed eagle,Accipitriformes,Accipitridae,12.54,2.3578,19.515,542926000.0,983667000.0,1654000000.0,5228.2,64.25826287471176,12.08198821419421,32.82503022974607,59.47200725513906,43295.534290271135,417196.96327084565,84755.31642326416,0.239853104318886,0.04509773918365786,0.37326422095558703,103845.6830266631,188146.39837802688,316361.27156573965
110,Alexandrine parakeet,Psittaciformes,Psittaculidae,3.657,0.506,5.699,575000000.0,361000000.0,1096000000.0,255.0,64.16915248289173,8.878750658010178,52.46350364963504,32.93795620437956,157232.70440251572,713438.7351778656,192314.4411300228,1.4341176470588235,0.19843137254901963,2.2349019607843137,2254901.9607843137,1415686.2745098039,4298039.215686275
111,Tanimbar corella,Psittaciformes,Cacatuidae,5.502,0.571,8.275,599000000.0,413000000.0,1161000000.0,275.0,66.48942598187311,6.900302114803624,51.59345391903531,35.572782084409994,108869.501999273,723292.469352014,140302.1148036254,2.0007272727272727,0.20763636363636362,3.0090909090909093,2178181.8181818184,1501818.1818181819,4221818.181818182
112,Striated caracara,Falconiformes,Falconidae,6.847,1.136,10.609,663372000.0,592281000.0,1411000000.0,1426.6,64.53954189838817,10.707889527759448,47.014316087880935,41.975974486180014,96885.0591499927,521374.11971830984,133000.28277877273,0.47995233422122535,0.07962988924716108,0.7436562456189542,465002.1029020048,415169.6340950512,989064.9095752139
113,Boreal owl,Strigiformes,Strigidae,2.902,0.349,4.084,663908000.0,206170000.0,925101000.0,113.12,71.05778648383938,8.545543584720862,71.76600176629363,22.28621523487706,228776.016540317,590744.9856733524,226518.3643486778,2.5654172560113153,0.3085219236209335,3.6103253182461095,5869059.405940594,1822577.793493635,8178049.858557284
114,Long-eared owl,Strigiformes,Strigidae,3.84,0.4746,5.445,673000000.0,261386000.0,991310000.0,248.06,70.52341597796142,8.71625344352617,67.8899637852942,26.367735622560044,175260.41666666666,550750.1053518752,182058.76951331497,1.548012577602193,0.19132467951302107,2.1950334596468597,2713053.2935580104,1053720.873982101,3996250.9070386197
115,Trumpeter hornbill,Bucerotiformes,Bucerotidae,6.243,0.863,9.328,799933000.0,434140000.0,1355000000.0,598.8,66.92753001715268,9.25171526586621,59.03564575645757,32.03985239852398,128132.78872337018,503059.09617612977,145261.5780445969,1.0425851703406814,0.14412157648630597,1.5577822311289247,1335893.4535738144,725016.7000668003,2262859.051436206
116,Rook,Passeriformes,Corvidae,5.769,0.657,8.357,820000000.0,536000000.0,1509000000.0,453.5,69.03194926408999,7.861672849108532,54.34062292909212,35.52021206096752,142139.0188940891,815829.5281582953,180567.18918272108,1.2721058434399117,0.14487320837927234,1.8427783902976846,1808158.7651598677,1181918.4123484013,3327453.1422271226
117,Morepork,Strigiformes,Strigidae,3.846,0.515,5.535,823855000.0,280175000.0,1171000000.0,274.9,69.48509485094851,9.30442637759711,70.35482493595218,23.92613151152861,214210.86843473738,544029.1262135922,211562.78229448962,1.3990542015278284,0.18734085121862498,2.0134594397962897,2996926.154965442,1019188.7959257913,4259730.811204075
118,Grey parrot,Psittaciformes,Psittacidae,5.941,0.638,8.827,850000000.0,387000000.0,1566000000.0,333.0,67.30486008836523,7.2278237226690845,54.278416347381864,24.71264367816092,143073.55664029624,606583.0721003135,177410.21864733205,1.7840840840840841,0.19159159159159161,2.650750750750751,2552552.5525525524,1162162.1621621621,4702702.702702703
119,Sulphur-crested cockatoo,Psittaciformes,Cacatuidae,6.767,0.836,10.131,1135000000.0,588000000.0,2122000000.0,800.0,66.79498568749383,8.251900108577633,53.48727615457116,27.70970782280867,167725.72779666027,703349.2822966507,209456.12476557103,0.8458750000000002,0.1045,1.266375,1418750.0,735000.0,2652500.0
120,Tawny owl,Strigiformes,Strigidae,6.49,0.6228,8.853,1153000000.0,334017000.0,1581000000.0,549.67,73.30848300011296,7.034903422568621,72.92852624920936,21.126944971537,177657.93528505394,536315.028901734,178583.53100643848,1.180708425055033,0.11330434624411011,1.6106027252715267,2097622.20968945,607668.23730602,2876271.21727582
121,Silvery-cheeked hornbill,Bucerotiformes,Bucerotidae,8.75,1.333,13.613,1177000000.0,764520000.0,2117000000.0,1037.0,64.27679424079923,9.792110482626901,55.59754369390647,36.11336797354747,134514.2857142857,573533.3833458364,155513.11246602514,0.8437801350048216,0.12854387656702024,1.3127290260366442,1135004.8216007715,737242.044358727,2041465.7666345227
122,Raven,Passeriformes,Corvidae,10.195,1.145,14.135,1204000000.0,753000000.0,2171000000.0,1041.0,72.12592854616202,8.100459851432614,55.45831414094887,34.68447719944726,118097.106424718,657641.92139738,153590.37849310224,0.979346781940442,0.10999039385206533,1.3578290105667628,1156580.2113352546,723342.939481268,2085494.716618636
123,Snowy owl,Strigiformes,Strigidae,13.48,1.2854,17.752,1270000000.0,452880000.0,1808000000.0,1770.0,75.93510590356017,7.24087426768815,70.2433628318584,25.048672566371682,94213.64985163204,352326.12416368444,101847.67913474538,0.7615819209039548,0.07262146892655368,1.0029378531073445,717514.1242937853,255864.40677966102,1021468.9265536723
124,Kea,Psittaciformes,Nestoridae,9.483,0.825,13.592,1281000000.0,481000000.0,2149000000.0,867.5,69.76898175397292,6.0697469099470265,59.60912052117264,22.382503489995347,135083.83422967416,583030.303030303,158107.71041789287,1.0931412103746398,0.09510086455331412,1.5668011527377523,1476657.060518732,554466.8587896253,2477233.429394813
125,Northern hawk-owl,Strigiformes,Strigidae,5.311,0.554,7.353,1308000000.0,299621000.0,1710000000.0,300.4,72.22902216782265,7.534339725282199,76.49122807017544,17.52169590643275,246281.30295612878,540832.1299638989,232558.13953488372,1.76797603195739,0.18442077230359524,2.4477363515312915,4354194.407456725,997406.7909454062,5692410.119840213
126,Eurasian eagle-owl,Strigiformes,Strigidae,11.72,1.2078,15.766,1328000000.0,471871000.0,1898000000.0,2342.33,74.3371812761639,7.660789039705696,69.96838777660696,24.861485774499474,113310.58020477816,390686.3719158801,120385.63998477737,0.5003564826476201,0.05156404093360031,0.6730904697459368,566956.8335802385,201453.68073670234,810304.2696801902
127,Great grey owl,Strigiformes,Strigidae,10.969,1.025,14.37,1700000000.0,495827000.0,2299000000.0,1013.3,76.33263743910925,7.132915796798886,73.94519356241844,21.567072640278383,154982.2226274045,483733.65853658534,159986.08211551845,1.0825027139050627,0.10115464324484356,1.418138754564295,1677686.76601204,489319.05654791277,2268824.632389223
128,Blue and yellow macaw,Psittaciformes,Psittacidae,14.377,1.245,20.73,1916000000.0,633000000.0,3136000000.0,1030.0,69.35359382537386,6.005788712011578,61.0969387755102,20.184948979591837,133268.41482924114,508433.734939759,151278.34056922334,1.3958252427184468,0.120873786407767,2.012621359223301,1860194.1747572816,614563.1067961165,3044660.194174757
