,Animal,Order,Family,Forebrain m,Cerebellum m,Whole brain m,Forebrain n,Cerebellum n,Whole brain n,Body m,Forebrain m r %,Cerebellum m r %,Forebrain n r %,Cerebellum n r %,Forebrain n d,Cerebellum n d,Whole brain n d,Forebrain m per body m,Cerebellum m per body m,Whole brain m per body m,Forebrain n per body m,Cerebellum n per body m,Whole brain n per body m,Forebrain m/Rest m,Cerebellum m/Rest m,Forebrain m/Cerebellum m
0,African sheath-tailed bat,Chiroptera,Emballonuridae,0.0899,0.054,0.244,5080000.0,47984000.0,58580000.0,11.5,36.84426229508196,22.131147540983605,8.671901672925914,81.91191532946398,56507.23025583983,888592.5925925926,240081.96721311475,0.7817391304347826,0.46956521739130436,2.121739130434783,441739.1304347826,4172521.7391304346,5093913.043478261,0.8981018981018979,0.5394605394605393,1.6648148148148147
1,Little free-tailed bat,Chiroptera,Molossidae,0.084,0.036,0.208,5632000.0,25324000.0,34958000.0,5.4,40.384615384615394,17.307692307692307,16.110761485210826,72.4412151724927,67047.61904761905,703444.4444444445,168067.3076923077,1.5555555555555556,0.6666666666666665,3.8518518518518516,1042962.9629629629,4689629.62962963,6473703.703703703,0.9545454545454547,0.40909090909090906,2.3333333333333335
2,Rufous trident bat,Chiroptera,Hipposideridae,0.093,0.072,0.251,6039000.0,59651000.0,69763000.0,13.7,37.05179282868526,28.685258964143422,8.656451127388443,85.50521049840172,64935.48387096774,828486.1111111111,277940.2390438247,0.6788321167883211,0.5255474452554744,1.832116788321168,440802.9197080292,4354087.591240876,5092189.781021898,1.0813953488372092,0.8372093023255812,1.2916666666666667
3,Common bent-wing bat,Chiroptera,Miniopteridae,0.0858,0.0485,0.219,6116000.0,44447000.0,55659000.0,11.6,39.178082191780824,22.14611872146119,10.988339711457266,79.85590829874774,71282.05128205128,916432.9896907216,254150.68493150684,0.7396551724137932,0.41810344827586204,1.8879310344827587,527241.3793103448,3831637.931034483,4798189.655172414,1.012987012987013,0.5726092089728455,1.7690721649484535
4,Naked mole-rat,Rodentia,Heterocephalidae,0.184,0.048,0.392,6150000.0,15740000.0,26880000.0,35.3,46.93877551020408,12.244897959183673,22.879464285714285,58.55654761904761,33423.913043478264,327916.6666666667,68571.42857142857,0.5212464589235127,0.1359773371104816,1.1104815864022666,174220.96317280454,445892.35127478756,761473.087818697,1.1499999999999997,0.29999999999999993,3.833333333333333
5,Commerson's roundleaf bat,Chiroptera,Hipposideridae,0.243,0.107,0.588,7877000.0,51875000.0,66719000.0,101.9,41.3265306122449,18.197278911564627,11.806232107795381,77.75146509989658,32415.637860082305,484813.08411214955,113467.68707482993,0.2384690873405299,0.10500490677134444,0.5770363101079489,77301.27576054956,509077.52698724234,654749.7546614327,1.0210084033613445,0.4495798319327731,2.2710280373831777
6,Smoky shrew,Eulipotyphla,Soricidae,0.084,0.02,0.176,9730000.0,20870000.0,36460000.0,7.5,47.727272727272734,11.363636363636365,26.686780032912782,57.240811848601204,115833.33333333333,1043500.0,207159.0909090909,1.1199999999999999,0.26666666666666666,2.3466666666666667,1297333.3333333333,2782666.6666666665,4861333.333333333,1.166666666666667,0.27777777777777785,4.2
7,Ansell's mole-rat,Rodentia,Bathyergidae,0.301,0.207,1.25,9730000.0,75440000.0,102820000.0,93.45,24.08,16.56,9.46313946702976,73.3709395059327,32325.581395348836,364444.44444444444,82256.0,0.3220973782771535,0.22150882825040127,1.337613697164259,104119.85018726591,807276.6185125735,1100267.5227394328,0.4056603773584905,0.2789757412398921,1.4541062801932367
8,Heart-nosed bat,Chiroptera,Megadermatidae,0.257,0.103,0.562,10221000.0,63792000.0,81331000.0,26.0,45.72953736654804,18.327402135231313,12.567163812076576,78.43503707073563,39770.428015564205,619339.8058252428,144717.0818505338,0.9884615384615384,0.3961538461538462,2.1615384615384614,393115.3846153846,2453538.4615384615,3128115.3846153845,1.2722772277227719,0.5099009900990097,2.4951456310679614
9,Short-palated fruit bat,Chiroptera,Pteropodidae,0.461,0.127,0.892,10471000.0,77445000.0,99016000.0,27.0,51.681614349775785,14.237668161434977,10.575058576391694,78.21463197867011,22713.665943600867,609803.1496062992,111004.48430493273,1.7074074074074075,0.4703703703703704,3.303703703703704,387814.81481481483,2868333.3333333335,3667259.2592592593,1.5164473684210527,0.41776315789473684,3.62992125984252
10,Common mole-rat,Rodentia,Bathyergidae,0.19,0.125,0.85,11730000.0,68810000.0,96240000.0,68.58,22.35294117647059,14.705882352941178,12.188279301745636,71.49833748960931,61736.84210526316,550480.0,113223.5294117647,0.27704870224555267,0.18226888305628464,1.2394284047827355,171041.1198600175,1003353.7474482356,1403324.5844269467,0.3551401869158879,0.23364485981308414,1.52
11,Northern short-tailed shrew,Eulipotyphla,Soricidae,0.197,0.037,0.347,11876000.0,33430000.0,55190000.0,21.6,56.772334293948134,10.662824207492795,21.518391012864647,60.572567494111254,60284.26395939086,903513.5135135135,159048.99135446685,0.9120370370370371,0.17129629629629628,1.6064814814814814,549814.8148148148,1547685.1851851852,2555092.5925925924,1.7433628318584078,0.3274336283185842,5.324324324324325
12,Woermann's bat,Chiroptera,Pteropodidae,0.309,0.079,0.55,11897000.0,49734000.0,65728000.0,17.9,56.18181818181818,14.363636363636362,18.100352969814995,75.66638266796495,38501.61812297734,629544.3037974683,119505.45454545454,1.7262569832402237,0.441340782122905,3.072625698324023,664636.8715083799,2778435.7541899444,3671955.30726257,1.907407407407407,0.4876543209876542,3.911392405063291
13,Mashona mole-rat,Rodentia,Bathyergidae,0.281,0.162,1.23,12490000.0,84910000.0,113350000.0,115.19,22.845528455284555,13.170731707317074,11.01896779885311,74.9095721217468,44448.39857651245,524135.8024691358,92154.47154471544,0.24394478687386062,0.14063720809098013,1.0678010243944787,108429.55117631739,737129.959197847,984026.3911797899,0.3570520965692504,0.20584498094027956,1.734567901234568
14,Zenker's fruit bat,Chiroptera,Pteropodidae,0.323,0.085,0.588,12847000.0,47217000.0,65595000.0,16.1,54.93197278911565,14.455782312925173,19.5853342480372,71.98262062657214,39773.993808049534,555494.1176470588,111556.12244897959,2.0062111801242235,0.5279503105590062,3.652173913043478,797950.3105590062,2932732.9192546583,4074223.6024844716,1.7944444444444452,0.47222222222222243,3.8
15,House mouse,Rodentia,Muridae,0.173,0.056,0.402,13690000.0,42220000.0,67870000.0,20.5,43.034825870646756,13.930348258706468,20.170914984529247,62.20716074848976,79132.94797687861,753928.5714285715,168830.8457711443,0.8439024390243901,0.2731707317073171,1.9609756097560975,667804.8780487805,2059512.1951219512,3310731.7073170734,0.9999999999999997,0.32369942196531787,3.089285714285714
16,Hairy-tailed mole,Eulipotyphla,Talpidae,0.429,0.102,0.759,15690000.0,100780000.0,123600000.0,62.5,56.52173913043478,13.438735177865613,12.694174757281553,81.53721682847896,36573.42657342657,988039.2156862745,162845.84980237155,0.6864,0.1632,1.2144,251040.0,1612480.0,1977600.0,1.8815789473684208,0.44736842105263147,4.205882352941177
17,Golden hamster,Rodentia,Cricetidae,0.446,0.145,0.965,17140000.0,61210000.0,84220000.0,105.0,46.21761658031088,15.025906735751295,20.35146046069817,72.67869864640228,38430.4932735426,422137.9310344828,87274.61139896372,0.4247619047619048,0.1380952380952381,0.919047619047619,163238.09523809524,582952.380952381,802095.2380952381,1.1925133689839575,0.3877005347593584,3.0758620689655176
18,Star-nosed mole,Eulipotyphla,Talpidae,0.42,0.138,0.802,17250000.0,105920000.0,131300000.0,55.3,52.36907730673316,17.206982543640898,13.137852246763138,80.67022086824068,41071.42857142857,767536.231884058,163715.71072319202,0.7594936708860759,0.24954792043399643,1.4502712477396023,311934.9005424955,1915370.705244123,2374321.880650995,1.7213114754098358,0.5655737704918032,3.043478260869565
19,Cryptomys Natalensis,Rodentia,Bathyergidae,0.333,0.181,1.24,17460000.0,109750000.0,149980000.0,99.02,26.85483870967742,14.596774193548386,11.64155220696093,73.1764235231364,52432.43243243243,606353.591160221,120951.6129032258,0.3362956978388205,0.18279135528176127,1.2522722682286407,176328.01454251667,1108361.9470813978,1514643.5063623511,0.45867768595041325,0.2493112947658402,1.839779005524862
20,Brown four-eyed opossum,Didelphimorphia,Didelphidae,0.992,0.342,2.008,20190000.0,134130000.0,165590000.0,407.0,49.40239043824701,17.03187250996016,12.192765263602874,81.0012681925237,20352.822580645163,392192.98245614034,82465.13944223107,0.24373464373464374,0.08402948402948403,0.4933660933660934,49606.87960687961,329557.7395577396,406855.03685503686,1.4718100890207717,0.5074183976261128,2.9005847953216373
21,Grey slender mouse opossum,Didelphimorphia,Didelphidae,0.408,0.158,0.91,20410000.0,82400000.0,112050000.0,100.0,44.83516483516483,17.36263736263736,18.215082552431948,73.53859883980365,50024.509803921566,521518.9873417721,123131.86813186813,0.4079999999999999,0.158,0.91,204100.0,824000.0,1120500.0,1.186046511627907,0.4593023255813954,2.5822784810126582
22,Highveld mole-rat,Rodentia,Bathyergidae,0.326,0.195,1.35,20560000.0,120580000.0,169160000.0,104.27,24.148148148148145,14.444444444444443,12.154173563490186,71.28162686214236,63067.48466257669,618358.9743589744,125303.70370370371,0.31264985134746337,0.18701448163421888,1.2947156420830537,197180.39704613024,1156420.8305361082,1622326.6519612544,0.3932448733413752,0.23522316043425817,1.6717948717948719
23,Damaraland mole-rat,Rodentia,Bathyergidae,0.322,0.208,1.39,21270000.0,129960000.0,178300000.0,110.53,23.165467625899282,14.964028776978417,11.929332585530005,72.88839035333707,66055.90062111801,624807.6923076923,128273.38129496403,0.29132362254591515,0.1881842033836967,1.2575771283814348,192436.44259477066,1175789.3784492898,1613136.7049669772,0.37441860465116283,0.2418604651162791,1.5480769230769231
24,Hottentot golden mole,Afrosoricida,Chrysochloridae,0.439,0.084,0.812,21516000.0,34488000.0,65074000.0,79.0,54.06403940886699,10.344827586206897,33.06389648707625,52.99812521129791,49011.38952164009,410571.4285714286,80140.39408866996,0.5556962025316456,0.10632911392405063,1.027848101265823,272354.43037974683,436556.96202531643,823721.5189873418,1.5190311418685118,0.29065743944636674,5.226190476190476
25,Grey mouse lemur,Primates,Cheirogaleidae,0.908,0.391,1.799,22310000.0,221380000.0,254710000.0,64.8,50.47248471372985,21.734296831573097,8.758980801696046,86.91453025008833,24570.484581497796,566189.2583120205,141584.21345191772,1.4012345679012348,0.6033950617283951,2.7762345679012346,344290.1234567901,3416358.024691358,3930709.87654321,1.8160000000000005,0.7820000000000003,2.3222506393861893
26,Franquet's epauletted fruit bat,Chiroptera,Pteropodidae,1.04,0.286,2.044,22533000.0,150660000.0,186002000.0,120.0,50.88062622309197,13.992172211350292,12.114385866818637,80.9991290416232,21666.346153846152,526783.2167832168,90999.02152641879,0.8666666666666666,0.2383333333333333,1.7033333333333334,187775.0,1255500.0,1550016.6666666667,1.4484679665738163,0.3983286908077994,3.6363636363636367
27,Mechow's mole-rat,Rodentia,Bathyergidae,0.65,0.405,2.15,23320000.0,122640000.0,174240000.0,270.16,30.232558139534888,18.837209302325583,13.383838383838384,70.38567493112947,35876.92307692308,302814.81481481483,81041.86046511628,0.24059816405093276,0.14991116375481195,0.7958246964761622,86319.21824104234,453953.2129108676,644951.1400651465,0.5936073059360731,0.36986301369863017,1.6049382716049383
28,Hammer-headed bat,Chiroptera,Pteropodidae,1.805,0.456,3.459,24343000.0,221298000.0,274519000.0,310.0,52.18271176640648,13.183000867302688,8.867510081269419,80.61299946451794,13486.426592797783,485302.63157894736,79363.68892743568,0.5822580645161289,0.14709677419354839,1.1158064516129031,78525.80645161291,713864.5161290322,885545.1612903225,1.5066777963272118,0.3806343906510851,3.958333333333333
29,Silvery mole-rat,Rodentia,Bathyergidae,0.473,0.223,1.65,25440000.0,94820000.0,147940000.0,180.51,28.666666666666668,13.515151515151516,17.196160605650938,64.09355143977288,53784.35517970402,425201.7937219731,89660.60606060606,0.2620353443022547,0.12353886211290234,0.9140767824497258,140934.020275885,525289.4576477758,819566.7830037117,0.4958071278825995,0.23375262054507337,2.121076233183856
30,Cape mole-rat,Rodentia,Bathyergidae,0.415,0.259,1.65,25600000.0,116740000.0,169670000.0,155.09,25.151515151515152,15.696969696969699,15.08811221783462,68.8041492308599,61686.74698795181,450733.5907335907,102830.30303030302,0.26758656264104713,0.16699980656393063,1.0638983815848861,165065.44587013993,752724.2246437552,1094009.929718228,0.4252049180327869,0.2653688524590164,1.6023166023166022
31,Eastern rock elephant shrew,Macroscelidea,Macroscelididae,0.471,0.168,1.04,25865000.0,89312000.0,129191000.0,45.1,45.28846153846153,16.153846153846153,20.020744479104582,69.13175066374593,54915.074309978765,531619.0476190476,124222.11538461539,1.0443458980044344,0.37250554323725055,2.305986696230599,573503.3259423503,1980310.421286031,2864545.4545454546,1.1745635910224437,0.41895261845386533,2.8035714285714284
32,Cayenne spiny rat,Rodentia,Echimyidae,0.924,0.33,2.078,26090000.0,162510000.0,202090000.0,356.5,44.46583253128008,15.880654475457174,12.91008956405562,80.41466673264387,28235.930735930735,492454.54545454547,97252.16554379211,0.2591865357643759,0.09256661991584852,0.5828892005610098,73183.73071528751,455848.5273492286,566872.3702664797,1.121359223300971,0.400485436893204,2.8
33,Wahlberg's epauletted fruit bat,Chiroptera,Pteropodidae,0.634,0.193,1.224,26201000.0,121136000.0,161755000.0,74.0,51.79738562091504,15.76797385620915,16.19795369540354,74.88856604123521,41326.49842271293,627647.6683937823,132152.77777777778,0.8567567567567568,0.2608108108108108,1.6540540540540538,354067.5675675676,1636972.972972973,2185878.378378378,1.5969773299748113,0.4861460957178842,3.284974093264249
34,Eastern mole,Eulipotyphla,Talpidae,0.476,0.153,0.999,26680000.0,158550000.0,203500000.0,90.0,47.647647647647645,15.315315315315313,13.110565110565112,77.91154791154791,56050.42016806723,1036274.5098039216,203703.7037037037,0.5288888888888889,0.16999999999999998,1.11,296444.44444444444,1761666.6666666667,2261111.111111111,1.2864864864864864,0.4135135135135135,3.111111111111111
35,Egyptian fruit bat,Chiroptera,Pteropodidae,0.985,0.219,1.778,28859000.0,132436000.0,172232000.0,120.0,55.39932508436445,12.317210348706412,16.75588740768266,76.89395698824842,29298.477157360405,604730.5936073059,96868.39145106862,0.8208333333333333,0.1825,1.4816666666666667,240491.66666666666,1103633.3333333333,1435266.6666666667,1.7160278745644597,0.38153310104529614,4.497716894977169
36,Brown rat,Rodentia,Muridae,0.769,0.272,1.724,31020000.0,139170000.0,188870000.0,300.0,44.60556844547564,15.77726218097448,16.423995340710544,73.6856038545031,40338.10143042913,511654.4117647059,109553.36426914153,0.2563333333333333,0.09066666666666667,0.5746666666666667,103400.0,463900.0,629566.6666666666,1.1259150805270866,0.3982430453879942,2.827205882352941
37,Four-toed elephant shrew,Macroscelidea,Macroscelididae,1.239,0.304,2.44,33947000.0,110650000.0,156830000.0,210.0,50.778688524590166,12.459016393442624,21.645731046355927,70.55410316903654,27398.708635996773,363980.2631578947,64274.59016393442,0.5900000000000001,0.14476190476190476,1.161904761904762,161652.38095238095,526904.7619047619,746809.5238095238,1.3812709030100339,0.338907469342252,4.0756578947368425
38,Ferret,Carnivora,Mustelidae,3.123,0.92,5.429,38950000.0,351260000.0,404430000.0,809.0,57.524405967949896,16.94603057653343,9.630838464011077,86.8531018964963,12471.982068523856,381804.347826087,74494.38202247191,0.38603213844252166,0.11372064276885044,0.6710754017305315,48145.85908529048,434190.3584672435,499913.47342398023,2.2532467532467533,0.6637806637806638,3.3945652173913046
39,Big-eared opossum,Didelphimorphia,Didelphidae,2.136,0.778,4.292,42500000.0,334260000.0,392500000.0,1200.0,49.76700838769805,18.126747437092266,10.828025477707007,85.16178343949045,19897.00374531835,429640.1028277635,91449.20782851818,0.17800000000000002,0.06483333333333334,0.35766666666666663,35416.666666666664,278550.0,327083.3333333333,1.550072568940494,0.5645863570391874,2.7455012853470437
40,Cape dune mole-rat,Rodentia,Bathyergidae,1.047,0.708,3.78,43480000.0,268890000.0,361290000.0,907.82,27.6984126984127,18.73015873015873,12.03465360236929,74.42497716515818,41528.17574021012,379788.13559322036,95579.36507936507,0.11533123306382322,0.07798902866206957,0.41638210217884597,47894.957150095834,296193.07792293624,397975.36956665415,0.5170370370370372,0.3496296296296297,1.478813559322034
41,Guinea pig,Rodentia,Caviidae,1.938,0.5,3.656,43510000.0,167850000.0,233560000.0,728.0,53.008752735229756,13.676148796498905,18.629046069532453,71.86590169549581,22450.980392156864,335700.0,63884.02625820569,0.2662087912087912,0.06868131868131869,0.5021978021978023,59766.48351648352,230563.18681318683,320824.1758241758,1.591133004926108,0.4105090311986863,3.876
42,Prairie dog,Rodentia,Sciuridae,2.586,0.789,5.321,53768000.0,350085000.0,437944000.0,1515.0,48.59988723924074,14.828039842134938,12.27736879601045,79.93830261403284,20791.956689868523,443707.2243346008,82304.82991918812,0.17069306930693068,0.05207920792079208,0.3512211221122112,35490.42904290429,231079.20792079208,289071.94719471945,1.328879753340185,0.4054470709146969,3.277566539923954
43,Common treeshrew,Scandentia,Tupaiidae,1.455,0.326,2.752,60390000.0,185280000.0,261400000.0,200.0,52.87063953488372,11.84593023255814,23.102524866105586,70.87987758224943,41505.154639175256,568343.5582822086,94985.46511627907,0.7275,0.163,1.376,301950.0,926400.0,1307000.0,1.4984552008238936,0.33573635427394455,4.46319018404908
44,European rabbit,Lagomorpha,Leporidae,4.448,1.412,9.132,71450000.0,396670000.0,494200000.0,1800.0,48.7078405606658,15.462111257117828,14.457709429380817,80.2650748684743,16063.399280575539,280927.76203966007,54117.3893999124,0.24711111111111114,0.07844444444444444,0.5073333333333333,39694.444444444445,220372.22222222222,274555.55555555556,1.3594132029339858,0.4315403422982886,3.1501416430594906
45,Eastern grey squirrel,Rodentia,Sciuridae,2.73,0.874,5.548,77330000.0,342830000.0,453660000.0,533.0,49.20692141312185,15.753424657534246,17.045805228585284,75.56980998986025,28326.007326007326,392254.00457665906,81770.00720980534,0.5121951219512195,0.16397748592870542,1.0409005628517825,145084.4277673546,643208.2551594747,851144.4652908067,1.404320987654321,0.4495884773662552,3.123569794050343
46,Western tree hyrax,Hyracoidea,Procaviidae,7.56,1.918,12.8,98960000.0,360929000.0,504573000.0,1150.0,59.06249999999999,14.984375,19.612622950494774,71.5315722402903,13089.94708994709,188179.8748696559,39419.765625,0.6573913043478261,0.16678260869565217,1.1130434782608696,86052.17391304347,313851.3043478261,438759.1304347826,2.2757375075255863,0.5773630343166765,3.9416058394160585
47,Black-rumped agouti*,Rodentia,Dasyproctidae,8.913,2.742,17.628,110640000.0,673490000.0,827330000.0,2843.3,50.56160653505787,15.554799183117767,13.37314010128969,81.40524337326097,12413.328845506563,245619.98541210796,46932.720671658724,0.31347378046635954,0.09643723842014561,0.6199838216157282,38912.53121373052,236869.1309394014,290975.2752083846,1.492214967353089,0.4590657960823707,3.25054704595186
48,Banded mongoose,Carnivora,Herpestidae,9.29,1.548,14.292,115770000.0,315740000.0,454020000.0,1332.0,65.00139938427093,10.831234256926953,25.498876701466894,69.54319192987093,12461.786867599569,203966.40826873385,31767.422334172963,0.6974474474474474,0.11621621621621622,1.0729729729729731,86914.41441441441,237042.04204204204,340855.85585585586,2.689635205558772,0.4481760277938621,6.001291989664082
49,Tasmanian devil*,Dasyuromorphia,Dasyuridae,5.228,1.434,9.802,122600000.0,601070000.0,744640000.0,8200.0,53.33605386655784,14.629667414813301,16.464331757627846,80.7195423291792,23450.650344299924,419156.20641562063,75968.16976127321,0.06375609756097561,0.01748780487804878,0.11953658536585365,14951.219512195123,73301.21951219512,90809.75609756098,1.6649681528662421,0.456687898089172,3.6457461645746165
50,Parma wallaby,Diprotodontia,Macropodidae,9.914,1.69,15.714,135620000.0,558080000.0,711130000.0,4268.0,63.09023800432735,10.754740995290824,19.07105592507699,78.47791543037138,13679.644946540246,330224.8520710059,45254.550082728776,0.23228678537956887,0.03959700093720712,0.36818181818181817,31776.00749765698,130759.13776944704,166619.0253045923,2.4121654501216536,0.411192214111922,5.866272189349113
51,Rock hyrax,Hyracoidea,Procaviidae,10.478,2.058,16.853,197930000.0,488370000.0,755650000.0,3600.0,62.1729069008485,12.21147570165549,26.193343479123932,64.62912724144776,18890.055354075204,237303.20699708455,44837.71435352756,0.29105555555555557,0.057166666666666664,0.46813888888888894,54980.555555555555,135658.33333333334,209902.77777777778,2.4271484827426444,0.47671994440583715,5.091350826044704
52,Swamp wallaby,Diprotodontia,Macropodidae,15.182,4.42,30.012,208110000.0,1200000000.0,1440000000.0,12066.0,50.58643209382914,14.727442356390776,14.452083333333333,83.33333333333334,13707.680147543144,271493.2126696833,47980.80767692923,0.12582463119509366,0.03663185811370794,0.2487319741422178,17247.63799104923,99453.00845350572,119343.61014420686,1.4584053794428435,0.42459173871277617,3.4348416289592762
53,Northern greater galago,Primates,Galagidae,6.29,1.196,10.15,226090000.0,743500000.0,936000000.0,1300.0,61.97044334975369,11.783251231527093,24.15491452991453,79.43376068376068,35944.356120826706,621655.5183946488,92216.74876847291,0.48384615384615387,0.092,0.7807692307692308,173915.38461538462,571923.0769230769,720000.0,2.3611111111111107,0.4489489489489488,5.259197324414716
54,Raccoon dog,Carnivora,Canidae,15.53,3.26,28.11,240180000.0,844740000.0,1160000000.0,8545.0,55.2472429740306,11.59729633582355,20.705172413793104,72.82241379310345,15465.550547327754,259122.69938650308,41266.45321949484,0.18174370977179635,0.038150965476887067,0.32896430661205384,28107.665301345816,98857.81158572265,135751.90169689877,1.6663090128755365,0.34978540772532185,4.763803680981595
55,Common marmoset,Primates,Callitrichidae,5.561,0.73,7.78,244720000.0,361370000.0,635800000.0,255.2,71.47814910025707,9.383033419023135,38.490091223655234,56.83705567788613,44006.4736558173,495027.397260274,81722.36503856041,2.179075235109718,0.2860501567398119,3.0485893416927903,958934.1692789969,1416026.6457680252,2491379.310344828,3.73472128945601,0.49026192075218256,7.617808219178082
56,House cat,Carnivora,Felidae,24.176,5.11,34.858,249830000.0,942900000.0,1215000000.0,3900.0,69.35567158184635,14.659475586665904,20.562139917695475,77.60493827160494,10333.80211780278,184520.54794520547,34855.7002696655,0.6198974358974358,0.13102564102564104,0.8937948717948717,64058.97435897436,241769.23076923078,311538.46153846156,4.338837042354632,0.9170854271356788,4.731115459882583
57,Brown bear,Carnivora,Ursidae,222.0,45.106,315.004,250970000.0,9253000000.0,9585000000.0,277500.0,70.4752955518025,14.319183248466686,2.618362023995827,96.53625456442357,1130.4954954954956,205139.00589721987,30428.18503892014,0.08,0.016254414414414414,0.11351495495495495,904.3963963963964,33344.14414414414,34540.54054054054,4.6348490542402585,0.9417094659484735,4.921739901565202
58,Bennett's wallaby,Diprotodontia,Macropodidae,16.102,3.572,26.994,256780000.0,1020000000.0,1320000000.0,11110.0,59.650292657627624,13.232570200785359,19.453030303030303,77.27272727272727,15947.087318345548,285554.31131019036,48899.75550122249,0.14493249324932495,0.03215121512151215,0.24297029702970296,23112.511251125114,91809.1809180918,118811.88118811882,2.199726775956284,0.4879781420765028,4.507838745800672
59,Goodfellow's tree-kangaroo,Diprotodontia,Macropodidae,19.57,4.236,31.548,273430000.0,1240000000.0,1550000000.0,13608.0,62.03245847597313,13.427158615443135,17.640645161290323,80.0,13971.895758814511,292728.9896128423,49131.482185875495,0.1438124632569077,0.031128747795414462,0.23183421516754849,20093.327454438564,91122.86890064667,113903.58612580835,2.5277706019116515,0.547145440454663,4.619924457034939
60,Capybara,Rodentia,Caviidae,48.175,6.632,74.734,306500000.0,1157000000.0,1572000000.0,55000.0,64.46195841250301,8.874140284207991,19.49745547073791,73.60050890585241,6362.2210690192005,174457.1773220748,21034.602724328954,0.08759090909090908,0.012058181818181817,0.13587999999999997,5572.727272727273,21036.363636363636,28581.81818181818,2.417574145631555,0.3328147739248256,7.264022919179735
61,Domestic pig,Artiodactyla,Suidae,42.404,8.128,64.18,307082000.0,1858000000.0,2224000000.0,130000.0,66.07042692427547,12.664381427235899,13.807643884892087,83.5431654676259,7241.816809734931,228592.51968503938,34652.53973200374,0.03261846153846154,0.006252307692307692,0.04936923076923077,2362.1692307692306,14292.307692307691,17107.69230769231,3.1069753810082057,0.5955451348182883,5.2170275590551185
62,Red fox,Carnivora,Canidae,24.41,4.823,41.94,355010000.0,1640000000.0,2110000000.0,5490.0,58.202193609918936,11.499761564139249,16.82511848341232,77.72511848341233,14543.62965997542,340037.32116939663,50309.966618979495,0.44462659380692166,0.08785063752276867,0.7639344262295081,64664.8451730419,298724.95446265937,384335.1548269581,1.9209884315731491,0.3795545762178328,5.061165249844494
63,Western grey kangaroo,Diprotodontia,Macropodidae,40.194,7.358,62.724,370170000.0,1990000000.0,2460000000.0,25855.0,64.08073464702507,11.730756967030164,15.047560975609755,80.89430894308943,9209.583519928348,270453.92769774393,39219.43753587144,0.15545929220653645,0.028458712047959776,0.24259911042351576,14317.153355250435,76967.70450589828,95146.00657513054,2.6492222515159516,0.4849723174268391,5.462625713509106
64,Golden jackal,Carnivora,Canidae,34.88,4.97,55.6,393620000.0,1218000000.0,1730000000.0,9200.0,62.73381294964029,8.93884892086331,22.752601156069364,70.40462427745665,11284.977064220184,245070.42253521126,31115.107913669064,0.3791304347826087,0.05402173913043478,0.6043478260869565,42784.782608695656,132391.30434782608,188043.47826086957,2.214603174603175,0.31555555555555553,7.0181086519114695
65,Springbok,Artiodactyla,Bovidae,68.806,11.458,106.074,396900000.0,2257000000.0,2724000000.0,39000.0,64.86603691762355,10.801893018081717,14.570484581497798,82.85609397944201,5768.392291369939,196980.27578984117,25680.18553085582,0.17642564102564104,0.02937948717948718,0.2719846153846154,10176.923076923076,57871.794871794875,69846.15384615384,2.665865943432778,0.44393645873692367,6.005061965438994
66,Raccoon,Carnivora,Procyonidae,24.491,3.338,34.186,437940000.0,1646000000.0,2148000000.0,6000.0,71.64043760603755,9.764230971742819,20.38826815642458,76.6294227188082,17881.670817851456,493109.64649490715,62832.738547943605,0.40818333333333334,0.05563333333333334,0.5697666666666666,72990.0,274333.3333333333,358000.0,3.8526034292905456,0.5250904514708196,7.337028160575194
67,West highland white terrier (dog),Carnivora,Canidae,46.56,7.342,76.7,440160000.0,2187000000.0,2830000000.0,9400.0,60.70404172099087,9.572359843546284,15.553356890459364,77.27915194346289,9453.60824742268,297875.23835467175,36897.00130378096,0.49531914893617024,0.0781063829787234,0.8159574468085107,46825.53191489362,232659.5744680851,301063.829787234,2.042284410913238,0.32204579349065704,6.341596295287388
68,Three-striped night monkey,Primates,Aotidae,10.617,1.732,15.73,441900000.0,1040000000.0,1468000000.0,800.0,67.49523204068659,11.010807374443738,30.10217983651226,70.84468664850137,41621.9270980503,600461.8937644341,93324.8569612206,1.327125,0.21649999999999997,1.96625,552375.0,1300000.0,1835000.0,3.1401952085181906,0.5122744750073943,6.1299076212471135
69,Chow chow (dog),Carnivora,Canidae,39.74,7.82,69.2,471500000.0,1969000000.0,2610000000.0,26000.0,57.42774566473988,11.300578034682081,18.06513409961686,75.44061302681993,11864.620030196276,251790.28132992328,37716.76300578035,0.15284615384615385,0.030076923076923077,0.2661538461538462,18134.615384615383,75730.76923076923,100384.61538461539,1.8364140480591498,0.3613678373382625,5.081841432225064
70,Striped hyena,Carnivora,Hyaenidae,67.45,14.032,99.214,495280000.0,3330000000.0,3885000000.0,40000.0,67.98435704638459,14.143165279093676,12.748519948519949,85.71428571428571,7342.920681986657,237314.70923603192,39157.78015199468,0.168625,0.03508,0.248035,12382.0,83250.0,97125.0,3.803857432889692,0.7913376945635012,4.806870011402509
71,Chihuahua (dog),Carnivora,Canidae,32.48,5.06,52.1,513330000.0,1819000000.0,2510000000.0,4000.0,62.34165067178502,9.712092130518233,20.451394422310756,72.47011952191235,15804.495073891627,359486.16600790515,48176.58349328215,0.8119999999999998,0.12649999999999997,1.3025,128332.5,454750.0,627500.0,2.2307692307692295,0.34752747252747235,6.4189723320158105
72,Domestic dog,Carnivora,Canidae,65.491,7.512,86.462,527910000.0,1676000000.0,2252000000.0,19700.0,75.74541417038698,8.688209849413614,23.44182948490231,74.42273534635879,8060.80224763708,223109.69116080937,26046.12430894497,0.3324416243654822,0.038131979695431466,0.4388934010152284,26797.46192893401,85076.1421319797,114314.72081218274,4.865963295935804,0.5581395348837208,8.71818423855165
73,Lion,Carnivora,Felidae,139.902,24.882,198.946,545240000.0,4049000000.0,4667000000.0,175000.0,70.32159480462035,12.506911423200268,11.682879794300408,86.75808870794943,3897.299538248202,162728.07652117996,23458.62696410081,0.07994399999999999,0.014218285714285715,0.11368342857142857,3115.657142857143,23137.14285714286,26668.571428571428,4.095252034424213,0.728353140916808,5.622618760549794
74,Blesbok,Artiodactyla,Bovidae,111.31,13.402,154.718,570670000.0,2401000000.0,3058000000.0,84500.0,71.94379451647515,8.662211248852751,18.661543492478742,78.51536952256377,5126.852933249484,179152.36531860917,19764.99179151747,0.13172781065088757,0.0158603550295858,0.183098224852071,6753.491124260355,28414.201183431953,36189.34911242603,3.709591415050325,0.44664400453242703,8.305476794508284
75,Yorkshire terrier (dog),Carnivora,Canidae,38.74,6.063,61.7,572140000.0,1811000000.0,2640000000.0,7600.0,62.78768233387358,9.826580226904374,21.671969696969697,68.59848484848486,14768.71450696954,298697.0146792017,42787.682333873585,0.5097368421052632,0.07977631578947368,0.8118421052631578,75281.57894736843,238289.47368421053,347368.4210526316,2.2927146830798364,0.35882109250162747,6.389576117433615
76,Transylvanian hound (dog),Carnivora,Canidae,81.3,11.189,124.3,725760000.0,3413000000.0,4390000000.0,31500.0,65.40627514078842,9.001609010458568,16.532118451025056,77.74487471526196,8926.937269372695,305031.72758959694,35317.77956556718,0.2580952380952381,0.035520634920634925,0.3946031746031746,23040.0,108349.20634920635,139365.07936507938,2.555719719593851,0.35173367702995817,7.266064885155063
77,Greater kudu,Artiodactyla,Bovidae,213.37,31.776,306.86,762000000.0,4042000000.0,4911000000.0,217500.0,69.53333767842012,10.355210845336634,15.516188149053145,82.30502952555487,3571.2611894830575,127202.92044310171,16004.04093071759,0.09810114942528736,0.014609655172413794,0.14108505747126437,3503.448275862069,18583.908045977012,22579.310344827587,3.4574002657419705,0.5148912726447806,6.714816213494461
78,Long-tailed macaque,Primates,Cercopithecidae,36.226,5.642,46.162,800960000.0,2572000000.0,3439000000.0,6363.0,78.47580260820588,12.222174082578745,23.290491421924976,74.7891829020064,22110.08667807652,455866.7139312301,74498.50526407002,0.5693226465503692,0.08866886688668868,0.7254754046833255,125877.73063020587,404211.84975640423,540468.3325475404,8.43642291569632,1.313926408942711,6.420772775611485
79,Beagle (dog),Carnivora,Canidae,53.11,10.938,88.0,844410000.0,3222000000.0,4330000000.0,12300.0,60.35227272727273,12.429545454545456,19.5013856812933,74.41108545034642,15899.265675014121,294569.3911135491,49204.545454545456,0.43178861788617884,0.08892682926829268,0.7154471544715447,68651.21951219512,261951.21951219512,352032.52032520325,2.2173513694054776,0.45666332665330667,4.8555494605960865
80,Komondor (dog),Carnivora,Canidae,97.75,15.752,149.3,883380000.0,2912000000.0,3990000000.0,48400.0,65.47220361687877,10.550569323509713,22.13984962406015,72.98245614035088,9037.135549872122,184865.41391569324,26724.715338245143,0.20196280991735538,0.03254545454545455,0.3084710743801653,18251.652892561982,60165.289256198346,82438.01652892563,2.7305994748309956,0.44002458237890374,6.205561198577958
81,German shepherd (dog),Carnivora,Canidae,70.37,9.752,109.0,885460000.0,2454000000.0,3530000000.0,44400.0,64.55963302752295,8.946788990825688,25.083852691218127,69.51841359773371,12582.91885746767,251640.68908941754,32385.32110091743,0.158490990990991,0.021963963963963967,0.2454954954954955,19942.792792792792,55270.27027027027,79504.50450450451,2.4368031027079446,0.33769651637925074,7.215955701394586
82,Brown capuchin,Primates,Cebidae,39.178,4.6,52.208,1140000000.0,2490000000.0,3690000000.0,2643.0,75.04213913576463,8.810910205332515,30.89430894308943,67.47967479674797,29097.963142580018,541304.3478260869,70678.823168863,1.482330684827847,0.1740446462353386,1.9753310631857737,431328.036322361,942111.23723042,1396140.7491486946,4.6474495848161315,0.5456702253855278,8.51695652173913
83,Common squirrel monkey,Primates,Cebidae,20.652,4.3,30.216,1340000000.0,1820000000.0,3246000000.0,925.0,68.34789515488482,14.230871061689172,41.281577325939615,56.06900800985829,64884.75692426883,423255.81395348837,107426.52899126291,2.2326486486486488,0.4648648648648649,3.266594594594595,1448648.6486486488,1967567.5675675676,3509189.189189189,3.9232522796352582,0.8168693009118541,4.8027906976744195
84,Bonnet macaque,Primates,Cercopithecidae,48.274,5.748,61.47,1655000000.0,2038000000.0,3755000000.0,6755.0,78.53261753700993,9.350902879453391,44.0745672436751,54.27430093209055,34283.465219372745,354558.1071677105,61086.70896372214,0.714641006661732,0.08509252405625463,0.9099925980754996,245003.70096225018,301702.44263508514,555884.5299777943,6.481471535982816,0.7717508055853923,8.398399443284621
85,Rhesus macaque,Primates,Cercopithecidae,69.832,7.694,87.346,1710000000.0,4550000000.0,6376000000.0,8235.0,79.94870972912325,8.808646074233508,26.819322459222082,71.36135508155583,24487.341047084432,591369.898622303,72997.04622993611,0.8479902853673345,0.09343047965998785,1.0606678809957497,207650.27322404372,552519.7328476018,774256.2234365513,7.111201629327893,0.7835030549898159,9.0761632440863
86,Giraffe,Artiodactyla,Giraffidae,398.808,67.73,537.218,1731000000.0,8878000000.0,10751000000.0,800000.0,74.23578510027588,12.607544795595086,16.100827829969305,82.57836480327411,4340.434494794487,131079.28539790344,20012.359973046325,0.049851,0.00846625,0.06715225,2163.75,11097.5,13438.75,5.642444821731751,0.9582625919637809,5.888203159604311
87,Harbour porpoise,Artiodactyla,Phocoenidae,382.77,106.14,563.53,2770000000.0,23400000000.0,26300000000.0,52500.0,67.92362429684312,18.83484464003691,10.532319391634982,88.97338403041825,7236.7217911539565,220463.53872244206,46670.097421610204,0.7290857142857142,0.20217142857142856,1.0733904761904762,52761.90476190476,445714.28571428574,500952.38095238095,5.129589922272849,1.422406861431252,3.6062747314867156
88,Yellow baboon,Primates,Cercopithecidae,120.214,13.745,151.194,2875000000.0,7794000000.0,10948000000.0,20000.0,79.50976890617353,9.090969218355225,26.260504201680675,71.19108512970406,23915.683697406294,567042.5609312478,72410.28083124991,0.60107,0.068725,0.7559699999999999,143750.0,389700.0,547400.0,6.97499274731651,0.7975050768784453,8.746016733357585
89,Common minke whale,Artiodactyla,Balaenopteridae,2037.024,415.918,2715.9,3134000000.0,54216000000.0,57472000000.0,7500000.0,75.00364520048602,15.314186825729962,5.453090200445435,94.33463251670379,1538.5189374302904,130352.61758327362,21161.309326558414,0.027160319999999998,0.005545573333333333,0.036212,417.8666666666667,7228.8,7662.933333333333,7.746575498748843,1.5816898516112827,4.8976577113758
90,African elephant,Proboscidea,Elephantidae,2847.0,1171.0,4618.0,5593000000.0,250700000000.0,257040000000.0,4800000.0,61.650064963187525,25.357297531398874,2.175925925925926,97.53345782757548,1964.5240604144715,214090.52092228865,55660.45907319186,0.059312500000000004,0.024395833333333332,0.09620833333333334,1165.2083333333333,52229.166666666664,53550.0,4.745,1.9516666666666667,2.431255337318531
91,Short-finned pilot whale,Artiodactyla,Delphinidae,1835.9,377.442,2462.5,11850000000.0,114917000000.0,127573000000.0,2200000.0,74.55431472081219,15.327593908629442,9.288799354095302,90.07940551684133,6454.599923743123,304462.6724105955,51806.294416243654,0.08345000000000001,0.017156454545454548,0.11193181818181819,5386.363636363636,52235.0,57987.72727272727,7.368416827876291,1.5148700824376506,4.864058583835398
92,Human,Primates,Hominidae,1232.0,154.02,1508.0,16340000000.0,69030000000.0,86060000000.0,62035.0,81.6976127320955,10.213527851458887,18.98675342784104,80.21148036253777,13262.987012987012,448188.5469419556,57068.96551724138,1.9859756589022326,0.24827919722737166,2.4308857902796808,263399.69372128637,1112758.926412509,1387281.3734182317,10.100016396130513,1.2626660108214462,7.998961173873522
